{"episode_rewards": [329.7245614035045, 7.706691449814583, 154.08060200669348, 401.5835016834911, 522.0374045801427, 288.5925795052984, 165.52500000000452, 235.64007220216965, 228.667123287675, 399.8999999999923, 507.0428571428462, 388.1154882154837, 12.602661596960559, 392.90699300698543, 142.3242424242464], "mean": 278.4299852336872, "std": 155.86279109202815}