{"number_episodes": 2, "episode_rewards": [820.8999999999706, 753.3999999999519], "mean_all_episodes": 787.1499999999612, "std_all_episodes": 33.75000000000938}