{"episode_rewards": [304.7442906574326, 355.52130177514164, 345.8930313588822, 341.59611307419823, 104.84699646643546, 279.462043795616, 213.89317406143812, 507.74313725489026, 216.0290322580677, 236.77002652520375, 330.66923076922745, 349.5402877697776, 329.4774647887277, 288.6043189368715, 548.4355648535449], "mean": 316.88173428969696, "std": 106.11557914122153}