{"episode_rewards": [-5.499999999997897, -93.22714776632199, -92.98256227757906, -93.0078014184387, -92.82727272727172, -92.55283018867826, -92.28749999999903, -92.3779922779913, -92.16349206349109, -93.49933993399236, 80.45555555555946, -93.71022364217147, -35.285185185185746, -93.08245614034986, -93.54262295081863], "mean": -71.70605806778184, "std": 47.80204403276684}