{"number_episodes": 2, "episode_rewards": [635.0999999999283, 785.8999999999589], "mean_all_episodes": 710.4999999999436, "std_all_episodes": 75.40000000001532}