{"number_episodes": 4, "episode_rewards": [733.3999999999487, 714.0999999999394, 842.7999999999703, 730.1999999999512], "mean_all_episodes": 755.1249999999524, "std_all_episodes": 51.14486166763095}