{"number_episodes": 1, "episode_rewards": [733.3999999999487], "mean_all_episodes": 733.3999999999487, "std_all_episodes": 0.0}