{"number_episodes": 1, "episode_rewards": [635.0999999999283], "mean_all_episodes": 635.0999999999283, "std_all_episodes": 0.0}