{"number_episodes": 1, "episode_rewards": [642.1999999999275], "mean_all_episodes": 642.1999999999275, "std_all_episodes": 0.0}