{"episode_rewards": [431.7352059924982, -93.68974358974253, -21.528571428572146, 254.84880546075348, -92.93154121863698, 93.92985074627288, 3.2333333333324656, 87.2015873015907, -48.60948509485129, -93.77088607594831, -20.389855072464474, 335.7974358974241, -93.54262295081863, -92.49543726235643, 86.67042801556832], "mean": 49.09723360360329, "std": 163.0233009993487}