{"number_episodes": 4, "episode_rewards": [820.8999999999706, 753.3999999999519, 676.0999999999376, 774.2999999999629], "mean_all_episodes": 756.1749999999557, "std_all_episodes": 52.291365204986555}