{"episode_rewards": [334.20656934306464, 104.76111111111592, 391.3675767918017, 328.978014184397, 286.34067796609696, 36.26363636363547, 309.32028985506884, 317.7571428571408, 354.77364620937846, 245.7213256484196, 256.1874251496981, 353.2762057877747, 315.9583941605756, 292.7571428571406, 176.61232876712768], "mean": 273.61876580349576, "std": 94.663625404316}