{"number_episodes": 1, "episode_rewards": [716.4999999999512], "mean_all_episodes": 716.4999999999512, "std_all_episodes": 0.0}